Reference No,Wallet Address,Name,Email,Phone,Address,City,State,Zip,Complaint,Department,Status,Date,Blockchain Status,Transaction Hash
3VBVM7DA,,Rahul,rahul12833@gmail.com,1286125,abc collony,Asansol,wb,71334,dikkat ho raha h raaasta pr,Road Maintenance,Submitted,2025-08-04 03:01:09,Legacy,N/A
0P93EW6C,,Rahul,abc@abc.com,1286125,abc collony,Asansol,wb,71334, raaasta pr dikkat h,Road Maintenance,Submitted,2025-08-04 03:01:35,Legacy,N/A
ZTZ8N46N,,Rahul,abc@abc.com,1286125,abc collony,Asansol,wb,71334,jal nai h,Water Supply,Submitted,2025-08-04 03:03:42,Legacy,N/A
DK8Z35UG,,Rahul,abc@abc.com,1286125,abc collony,Asansol,wb,71334,raaasta pr dikkat h,Road Maintenance,Submitted,2025-08-04 03:06:12,Legacy,N/A
8MEEVX6S,,Rahul,abc@abc.com,1286125,abc collony,Asansol,wb,71334,dikkat ho raha h raaasta pr bhot,Road Maintenance,Submitted,2025-08-04 03:10:32,Legacy,N/A
LJFO8APQ,,Rahul,abc@abc.com,1286125,abc collony,Asansol,wb,71334,ligt anahi aa rahi h,Electricity,Submitted,2025-08-04 03:11:04,Legacy,N/A
CWOAVQ9L,,Rahul,rahul@gmail.com,1286125,abc collony,Asansol,wb,71334,ghar m pani aa rha h road se,Road Maintenance,Submitted,2025-08-04 03:12:29,Legacy,N/A
A7TXN786,,Rahul,rahul@gmail.com,1286125,abc collony,Asansol,wb,71334,pani nahi aa raha ghar pr,Water Supply,Submitted,2025-08-04 03:13:12,Legacy,N/A
T2Y8XVQF,,Rahul,rahul@gmail.com,1286125,abc collony,Asansol,wb,71334,aaj bijli nahi aayi 2 ghante se,Electricity,Submitted,2025-08-04 03:14:18,Legacy,N/A
B0E6MGWE,,Rahul,rahul@gmail.com,1286125,abc collony,Asansol,wb,71334,there is pothole in front of stationary shop,Road Maintenance,Submitted,2025-08-04 03:16:00,Legacy,N/A
105W04BQ,,0xc231c1ea5d09ee0c12856d239d6b78a67d21aaa0,Rahul,rahul@gmail.com,1286125,abc collony,Asansol,wb,71334,raaasta pr dikkat h,Submitted,Road Maintenance,Legacy,N/A
O7KCNWMB,,0xc231c1ea5d09ee0c12856d239d6b78a67d21aaa0,Rahul,rahul@gmail.com,1286125,abc collony,Asansol,wb,71334,raaasta pr hai,Submitted,Road Maintenance,Legacy,N/A
N4TMKXLC,,0xc231C1Ea5d09EE0c12856d239d6b78A67d21aaA0,Rahul,rahul@gmail.com,1286125,abc collony,Asansol,wb,71334,raaasta pr dikkat h,Submitted,Road Maintenance,Legacy,N/A
WNO0M5XZ,,0xc231C1Ea5d09EE0c12856d239d6b78A67d21aaA0,Rahul,rahul@gmail.com,1286125,abc collony,Asansol,wb,71334,dikkat ho raha h raaasta pr bhot,Submitted,Road Maintenance,Legacy,N/A
BHQ0UC6L,0xc231c1ea5d09ee0c12856d239d6b78a67d21aaa0,Rahul,rahul@gmail.com,1286125,abc collony,Asansol,wb,71334,dikkat ho raha h raaasta pr bhot,Road Maintenance,Submitted,2025-08-05 00:02:25,Failed,N/A
TP0HEHW0,0xc231c1ea5d09ee0c12856d239d6b78a67d21aaa0,Rahul,rahul@gmail.com,1286125,abc collony,Asansol,wb,71334,dikkat ho raha h raaasta pr bhot,Road Maintenance,Submitted,2025-08-05 00:09:48,Failed,N/A
MZ2AAN68,0xc231c1ea5d09ee0c12856d239d6b78a67d21aaa0,Rahul,rahul2121@gmail.com,1286125,abc collony,Asansol,wb,71334,dikkat ho raha h raaasta pr bhot,Road Maintenance,Submitted,2025-08-05 00:37:30,Failed,N/A
Z03MQ0N7,0xc231c1ea5d09ee0c12856d239d6b78a67d21aaa0,Rahul,rahul2121@gmail.com,1286125,abc collony,Asansol,wb,71334,dikkat ho raha h raaasta pr bhot,Road Maintenance,Submitted,2025-08-05 01:52:22,Failed,N/A
93OAN3VU,0xc231c1ea5d09ee0c12856d239d6b78a67d21aaa0,Rahul,rahul2121@gmail.com,1286125,abc collony,Asansol,wb,71334,dikkat ho raha h raaasta pr bhot,Road Maintenance,Submitted,2025-08-05 02:02:16,Success,3be91140cea42f5bbcb6e36746ee786bd025a4c89c0be5ed89a9a5594b845fd0
7WBIBL80,0xc231c1ea5d09ee0c12856d239d6b78a67d21aaa0,Rahul,rahul2121@gmail.com,1286125,abc collony,Asansol,wb,71334,dikkat ho raha h raaasta pr bhot,Road Maintenance,Submitted,2025-08-05 02:06:51,Success,e6e9034e100dfbc0d0f9b6af2c868219ca63d01091bdc525336b41b58f61af50
TNYVJCPP,0xc231c1ea5d09ee0c12856d239d6b78a67d21aaa0,Rahul,rahul2121@gmail.com,1286125,abc collony,Asansol,wb,71334,dikkat ho raha h raaasta pr bhot jaada yar,Road Maintenance,Submitted,2025-08-05 02:24:15,Success,acfab53b950580166e503ad71c6fa15616de41eeff2812603b788dcf43649130
7I9SXLN0,0xc231c1ea5d09ee0c12856d239d6b78a67d21aaa0,Rahul,rahul2121@gmail.com,1286125,abc collony,Asansol,wb,71334,dikkat ho raha h raaasta pr bhot,Road Maintenance,Submitted,2025-08-05 02:49:16,Success,b5e6f968c7dfe10b7479dca6956f1456f8a3d7ee3282e5e707335108f7203746
XLNFR5O7,0xc231c1ea5d09ee0c12856d239d6b78a67d21aaa0,Rahul,rahul2121@gmail.com,1286125,abc collony,Asansol,wb,71334,dikkat ho raha h raaasta pr bhot,Road Maintenance,Submitted,2025-08-05 03:16:39,Success,7384bf37b079f356ec71331be16505bfa80da9a5539b14a56c4170dc58f55d4d
Y1GI5BHO,0xc231c1ea5d09ee0c12856d239d6b78a67d21aaa0,Rahul,rahul2121@gmail.com,1286125,abc collony,Asansol,wb,71334,paani ka  issue hai,Water Supply,Submitted,2025-08-05 03:24:13,Success,5dc4337943e44abb6e081a4f136912451967cdc75342a3de71294ff371627ace
5FMTY202,0xc231c1ea5d09ee0c12856d239d6b78a67d21aaa0,Rahul,rahul2121@gmail.com,1286125,abc collony,Asansol,wb,71334,paani kam hai,Water Supply,Submitted,2025-08-05 03:30:36,Success,5c53ef53c16d961aa7e61d102b85d220384cce384081c5f028f0c2e115f1d60b
XI5U2LKH,0xc231c1ea5d09ee0c12856d239d6b78a67d21aaa0,Rahul,abc@abc.com,1286125,abc collony,Asansol,wb,71334,bijli nahi aa rahi hai,Electricity,Submitted,2025-08-05 03:35:12,Success,4a2b10efc0337c710db1f5420ea6406b17de269a4da3c8ae1cc9efebcbc7af82
IW3PXDWN,0xc231c1ea5d09ee0c12856d239d6b78a67d21aaa0,Rahul,rahul2121@gmail.com,1286125,abc collony,Asansol,wb,71334,paani nahi aa raha,Water Supply,Submitted,2025-12-08 17:45:25,Success,c5fc6e754d3531b4df3d613eec189617c1e1516f3529e8e578fa666ad1db174b
