Reference No,Name,Email,Phone,Address,City,State,Zip,Complaint,Department,Date
"3VBVM7DA","Rahul","rahul12833@gmail.com","1286125","abc collony","Asansol","wb","71334","dikkat ho raha h raaasta pr","Road Maintenance","2025-08-04 03:01:09"
"0P93EW6C","Rahul","abc@abc.com","1286125","abc collony","Asansol","wb","71334"," raaasta pr dikkat h","Road Maintenance","2025-08-04 03:01:35"
"ZTZ8N46N","Rahul","abc@abc.com","1286125","abc collony","Asansol","wb","71334","jal nai h","Water Supply","2025-08-04 03:03:42"
"DK8Z35UG","Rahul","abc@abc.com","1286125","abc collony","Asansol","wb","71334","raaasta pr dikkat h","Road Maintenance","2025-08-04 03:06:12"
8MEEVX6S,Rahul,abc@abc.com,1286125,abc collony,Asansol,wb,71334,dikkat ho raha h raaasta pr bhot,Road Maintenance,2025-08-04 03:10:32
LJFO8APQ,Rahul,abc@abc.com,1286125,abc collony,Asansol,wb,71334,ligt anahi aa rahi h,Electricity,2025-08-04 03:11:04
CWOAVQ9L,Rahul,rahul@gmail.com,1286125,abc collony,Asansol,wb,71334,ghar m pani aa rha h road se,Road Maintenance,2025-08-04 03:12:29
A7TXN786,Rahul,rahul@gmail.com,1286125,abc collony,Asansol,wb,71334,pani nahi aa raha ghar pr,Water Supply,2025-08-04 03:13:12
T2Y8XVQF,Rahul,rahul@gmail.com,1286125,abc collony,Asansol,wb,71334,aaj bijli nahi aayi 2 ghante se,Electricity,2025-08-04 03:14:18
B0E6MGWE,Rahul,rahul@gmail.com,1286125,abc collony,Asansol,wb,71334,there is pothole in front of stationary shop,Road Maintenance,2025-08-04 03:16:00
105W04BQ,0xc231c1ea5d09ee0c12856d239d6b78a67d21aaa0,Rahul,rahul@gmail.com,1286125,abc collony,Asansol,wb,71334,raaasta pr dikkat h,Road Maintenance,2025-08-04 04:32:21,Failed,N/A
O7KCNWMB,0xc231c1ea5d09ee0c12856d239d6b78a67d21aaa0,Rahul,rahul@gmail.com,1286125,abc collony,Asansol,wb,71334,raaasta pr hai,Road Maintenance,2025-08-04 04:33:24,Failed,N/A
N4TMKXLC,0xc231C1Ea5d09EE0c12856d239d6b78A67d21aaA0,Rahul,rahul@gmail.com,1286125,abc collony,Asansol,wb,71334,raaasta pr dikkat h,Road Maintenance,2025-08-04 04:44:40,Failed,N/A
WNO0M5XZ,0xc231C1Ea5d09EE0c12856d239d6b78A67d21aaA0,Rahul,rahul@gmail.com,1286125,abc collony,Asansol,wb,71334,dikkat ho raha h raaasta pr bhot,Road Maintenance,2025-08-04 04:53:40,Failed,N/A
BHQ0UC6L,0xc231c1ea5d09ee0c12856d239d6b78a67d21aaa0,Rahul,rahul@gmail.com,1286125,abc collony,Asansol,wb,71334,dikkat ho raha h raaasta pr bhot,Road Maintenance,Submitted,2025-08-05 00:02:25,Failed,N/A
TP0HEHW0,0xc231c1ea5d09ee0c12856d239d6b78a67d21aaa0,Rahul,rahul@gmail.com,1286125,abc collony,Asansol,wb,71334,dikkat ho raha h raaasta pr bhot,Road Maintenance,Submitted,2025-08-05 00:09:48,Failed,N/A
MZ2AAN68,0xc231c1ea5d09ee0c12856d239d6b78a67d21aaa0,Rahul,rahul2121@gmail.com,1286125,abc collony,Asansol,wb,71334,dikkat ho raha h raaasta pr bhot,Road Maintenance,Submitted,2025-08-05 00:37:30,Failed,N/A
Z03MQ0N7,0xc231c1ea5d09ee0c12856d239d6b78a67d21aaa0,Rahul,rahul2121@gmail.com,1286125,abc collony,Asansol,wb,71334,dikkat ho raha h raaasta pr bhot,Road Maintenance,Submitted,2025-08-05 01:52:22,Failed,N/A
93OAN3VU,0xc231c1ea5d09ee0c12856d239d6b78a67d21aaa0,Rahul,rahul2121@gmail.com,1286125,abc collony,Asansol,wb,71334,dikkat ho raha h raaasta pr bhot,Road Maintenance,Submitted,2025-08-05 02:02:16,Success,3be91140cea42f5bbcb6e36746ee786bd025a4c89c0be5ed89a9a5594b845fd0
7WBIBL80,0xc231c1ea5d09ee0c12856d239d6b78a67d21aaa0,Rahul,rahul2121@gmail.com,1286125,abc collony,Asansol,wb,71334,dikkat ho raha h raaasta pr bhot,Road Maintenance,Submitted,2025-08-05 02:06:51,Success,e6e9034e100dfbc0d0f9b6af2c868219ca63d01091bdc525336b41b58f61af50
TNYVJCPP,0xc231c1ea5d09ee0c12856d239d6b78a67d21aaa0,Rahul,rahul2121@gmail.com,1286125,abc collony,Asansol,wb,71334,dikkat ho raha h raaasta pr bhot jaada yar,Road Maintenance,Submitted,2025-08-05 02:24:15,Success,acfab53b950580166e503ad71c6fa15616de41eeff2812603b788dcf43649130
